Frame,Time (ns),Radius of Gyration
1,80.011998,33.302032867623744
2,80.03199599999999,33.28491913910067
3,80.05199400000001,33.252914686745044
4,80.071992,33.36075993892382
5,80.09199000000001,33.29742005213248
6,80.111988,33.30483045197258
7,80.131986,33.286483732918256
8,80.151984,33.268019932591486
9,80.171982,33.44884249990721
10,80.19198,33.39222671211009
11,80.211978,33.435265786915984
12,80.23197599999999,33.42021605504142
13,80.251974,33.30338919187896
14,80.271972,33.170432832535376
15,80.29197,33.123447030280964
16,80.31196800000001,33.291071359049354
17,80.331966,33.37832220670948
18,80.35196400000001,33.336888056292224
19,80.371962,33.36656571410475
20,80.39196000000001,33.20866654312729
21,80.411958,33.20646548656701
22,80.431956,33.27097617660647
23,80.451954,33.2883978843895
24,80.471952,33.27891567497745
25,80.49195,33.27460718722259
26,80.511948,33.277718582891346
27,80.53194599999999,33.24405862872528
28,80.551944,33.338558488365685
29,80.57194199999999,33.10661702609885
30,80.59194000000001,33.22530431016434
31,80.611938,33.24906369159273
32,80.631936,33.264143856142304
33,80.65193400000001,33.33826023675131
34,80.671932,33.34677769778273
35,80.69193000000001,33.22208725148254
36,80.711928,33.204577919728045
37,80.731926,33.373819363911934
38,80.751924,33.23906181402038
39,80.771922,33.2493981744277
40,80.79192,33.26152298874365
41,80.811918,33.269223665397945
42,80.83191599999999,33.237588833001766
43,80.85191400000001,33.156232694665185
44,80.871912,33.17639244684519
45,80.89191000000001,33.167715696225535
46,80.911908,33.18847986393672
47,80.931906,33.266573519723494
48,80.951904,33.159832151837875
49,80.971902,33.21168186807091
50,80.99190000000002,33.17307878896925
51,81.011898,33.31431673976502
52,81.031896,33.20959899763702
53,81.051894,33.23745030776157
54,81.071892,33.18643995433711
55,81.09189,33.38173870519165
56,81.11188800000001,33.55479280270553
57,81.131886,33.59017568610626
58,81.15188400000001,33.602854055781734
59,81.171882,33.7429290524545
60,81.19188,33.78850696105159
61,81.211878,33.61146506333533
62,81.231876,33.45513557007623
63,81.251874,33.49255145620203
64,81.271872,33.39797944955874
65,81.29186999999999,33.51238037836634
66,81.311868,33.360046110847776
67,81.33186599999999,33.59787078131049
68,81.351864,33.672611257207215
69,81.37186200000001,33.508453614855426
70,81.39186,33.605256778234796
71,81.41185800000001,33.41991683625534
72,81.431856,33.38975722412604
73,81.45185400000001,33.32354648808785
74,81.471852,33.472911337027725
75,81.49185,33.45672061622688
76,81.511848,33.42524120881144
77,81.531846,33.305532420050724
78,81.551844,33.426756157820584
79,81.571842,33.36721995920381
80,81.59183999999999,33.30451885196633
81,81.611838,33.41018941205358
82,81.63183599999999,33.51151836258177
83,81.65183400000001,33.414171187937455
84,81.671832,33.35096848412838
85,81.69183,33.29616119785453
86,81.71182800000001,33.319959810724605
87,81.731826,33.39010111790705
88,81.75182400000001,33.573536216816905
89,81.771822,33.557703159322216
90,81.79182,33.65492758917713
91,81.811818,33.60751604271788
92,81.831816,33.64803908011717
93,81.851814,33.69666289273377
94,81.871812,33.71936800202813
95,81.89180999999999,33.791261124235255
96,81.91180800000001,33.81997629074156
97,81.931806,33.87367302527044
98,81.95180400000001,33.77653409074609
99,81.971802,33.76316505113648
100,81.9918,33.74902033242367
101,82.011798,33.620368438224766
102,82.031796,33.5825902821082
103,82.05179400000002,33.46348534676122
104,82.071792,33.3703380499739
105,82.09179,33.45494588760284
106,82.111788,33.46653110706264
107,82.131786,33.57872323228594
108,82.151784,33.456255190043876
109,82.17178200000001,33.58612545321327
110,82.19178,33.476525489442
111,82.21177800000001,33.42437152942283
112,82.231776,33.641175705010106
113,82.25177400000001,33.473459833348244
114,82.271772,33.42891966154288
115,82.29177,33.44560976069835
116,82.311768,33.4942587467872
117,82.331766,33.381538966987996
118,82.35176399999999,33.392218696897345
119,82.371762,33.412355425607466
120,82.39175999999999,33.269097028209394
121,82.411758,33.40981368226587
122,82.43175600000001,33.388137753750264
123,82.451754,33.38951989199971
124,82.47175200000001,33.38961351216565
125,82.49175,33.2587426312201
126,82.51174800000001,33.43274386194546
127,82.531746,33.27012904008596
128,82.551744,33.36686893885779
129,82.571742,33.38108150124117
130,82.59174,33.551984651000815
131,82.611738,33.544224822178336
132,82.631736,33.5337793031097
133,82.65173399999999,33.54577850273098
134,82.671732,33.23665473861835
135,82.69172999999999,33.44514120237827
136,82.71172800000001,33.21729632391055
137,82.731726,33.367157036036005
138,82.751724,33.390422451150364
139,82.77172200000001,33.473790801317044
140,82.79172,33.40471651858945
141,82.81171800000001,33.139552468486166
142,82.831716,33.361373389998136
143,82.851714,33.33104750355697
144,82.871712,33.37802281539943
145,82.89171,33.21580409085606
146,82.911708,33.25349826611893
147,82.931706,33.167003319741994
148,82.95170399999999,33.35807536065499
149,82.97170200000001,33.397499152245764
150,82.9917,33.30348889905286
151,83.01169800000001,33.35224156758612
152,83.031696,33.31095399972689
153,83.051694,33.37235786897652
154,83.071692,33.30245049173793
155,83.09169,33.12457670332419
156,83.111688,33.404196080478044
157,83.131686,33.38101190753301
158,83.151684,33.42670654417048
159,83.171682,33.328359613243656
160,83.19168,33.236107939083645
161,83.211678,33.39343236297514
162,83.23167600000001,33.46111426923497
163,83.251674,33.46509115759113
164,83.27167200000001,33.41801425145309
165,83.29167,33.54845892973458
166,83.31166800000001,33.43019898559423
167,83.331666,33.393561629027644
168,83.351664,33.406568851742286
169,83.371662,33.51340734625315
170,83.39166,33.41506593640525
171,83.411658,33.425852728900644
172,83.431656,33.38085833205798
173,83.45165399999999,33.30716923830734
174,83.471652,33.37005846601199
175,83.49165,33.17226385330481
176,83.51164800000001,33.3605844637516
177,83.53164600000001,33.232034199629965
178,83.551644,33.38610496689486
179,83.57164200000001,33.3561683982594
180,83.59164,33.51730244023617
181,83.611638,33.45207642136484
182,83.631636,33.37727616440477
183,83.651634,33.45253641637068
184,83.671632,33.59527193241788
185,83.69163,33.473709252021656
186,83.71162799999999,33.408985668791836
187,83.731626,33.44478732370865
188,83.75162399999999,33.50020284019178
189,83.77162200000001,33.319666449978286
190,83.79162,33.44593989466449
191,83.811618,33.28101304818604
192,83.831616,33.39681695410639
193,83.851614,33.42030322810598
194,83.87161200000001,33.41893167814373
195,83.89161,33.29875217267801
196,83.911608,33.44871014954811
197,83.931606,33.39199766207812
198,83.951604,33.427653430899916
199,83.971602,33.374226639104705
200,83.9916,33.37333199320093
201,84.01159799999999,33.334755903986476
202,84.03159600000001,33.45427975796826
203,84.051594,33.41589241365538
204,84.07159200000001,33.49944724995846
205,84.09159,33.44015484180746
206,84.111588,33.383337504907026
207,84.131586,33.520382788791565
208,84.151584,33.52832125973169
209,84.171582,33.43560455886196
210,84.19158,33.37780567066586
211,84.211578,33.43180424087536
212,84.231576,33.374197296224914
213,84.251574,33.58727385837292
214,84.271572,33.42528966522176
215,84.29157000000001,33.35175859356367
216,84.311568,33.50677511898385
217,84.33156600000001,33.41227828272506
218,84.351564,33.359689885636726
219,84.37156200000001,33.359819837150546
220,84.39156,33.281046001953236
221,84.411558,33.27853620109485
222,84.431556,33.339875524488406
223,84.451554,33.405515498820066
224,84.471552,33.383891455866824
225,84.49155,33.47319422029112
226,84.51154799999999,33.56102398596624
227,84.531546,33.45789193897531
228,84.551544,33.44263473934499
229,84.57154200000001,33.29676407616048
230,84.59154000000001,33.51536507155083
231,84.611538,33.44374008474582
232,84.63153600000001,33.482172677621776
233,84.651534,33.42284612844674
234,84.67153200000001,33.45465221613717
235,84.69153,33.4161221387826
236,84.711528,33.54102755982683
237,84.731526,33.567982830017705
238,84.751524,33.58486471472021
239,84.77152199999999,33.50227936739306
240,84.79152,33.620117376550795
241,84.81151799999999,33.50864956535959
242,84.83151600000001,33.4841609701017
243,84.851514,33.62421116417311
244,84.871512,33.6289905613725
245,84.89151,33.50230698979952
246,84.911508,33.50135247422273
247,84.93150600000001,33.679004965756235
248,84.951504,33.58967369107929
249,84.971502,33.56155523067622
250,84.9915,33.47861037322027
251,85.011498,33.486172931286134
252,85.031496,33.60342383286708
253,85.051494,33.434273018211215
254,85.07149199999999,33.583572753500746
255,85.09149000000001,33.563700139149944
256,85.111488,33.40134267098405
257,85.13148600000001,33.29354718669463
258,85.151484,33.43144427859484
259,85.171482,33.36769598608981
260,85.19148,33.347246158829144
261,85.211478,33.58231625216577
262,85.231476,33.519965185699085
263,85.251474,33.542377433452785
264,85.271472,33.639186972848755
265,85.29147,33.56841515536994
266,85.311468,33.61342900559513
267,85.331466,33.63027947033589
268,85.351464,33.50911379380977
269,85.371462,33.621788300760905
270,85.39146000000001,33.68086730849095
271,85.411458,33.56618506239091
272,85.43145600000001,33.61060991114459
273,85.451454,33.603982154708966
274,85.471452,33.71869900313958
275,85.49145,33.47993734971841
276,85.511448,33.46546868218613
277,85.531446,33.4261669120284
278,85.551444,33.448827632518444
279,85.57144199999999,33.476996225845284
280,85.59144,33.4500852491938
281,85.61143799999999,33.37736961510923
282,85.63143600000001,33.50052785995673
283,85.65143400000001,33.57043174481946
284,85.671432,33.4694466069332
285,85.69143000000001,33.425787959728574
286,85.711428,33.59725881658802
287,85.73142600000001,33.623112817274865
288,85.751424,33.60614259812238
289,85.771422,33.62091551052731
290,85.79142,33.621004610113154
291,85.811418,33.708723917741324
292,85.831416,33.40690412601429
293,85.851414,33.45021841398137
294,85.87141199999999,33.557915914123065
295,85.89141000000001,33.582727137984634
296,85.911408,33.58320437520191
297,85.93140600000001,33.51696390866491
298,85.951404,33.6463496112811
299,85.971402,33.64214277286406
300,85.99140000000001,33.563074421301735
301,86.011398,33.5740596320688
302,86.031396,33.562794855262524
303,86.051394,33.612130153704314
304,86.071392,33.43484905389194
305,86.09139,33.73685742998123
306,86.111388,33.51054323707987
307,86.13138599999999,33.46108151582026
308,86.15138400000001,33.54195014077151
309,86.171382,33.65074076837948
310,86.19138000000001,33.64022451810042
311,86.211378,33.47010923809129
312,86.231376,33.521795227626164
313,86.251374,33.55680926305503
314,86.271372,33.58396897723013
315,86.29137,33.48656709597248
316,86.311368,33.627494237341224
317,86.33136599999999,33.69465243055257
318,86.351364,33.650505049871185
319,86.371362,33.702663453168825
320,86.39136,33.65348722213465
321,86.411358,33.597105878769156
322,86.431356,33.55733441716799
323,86.45135400000001,33.620221858269126
324,86.471352,33.572807841379415
325,86.49135000000001,33.498900737506986
326,86.511348,33.27220976507136
327,86.531346,33.31073410884113
328,86.551344,33.24664462194382
329,86.571342,33.34413701370025
330,86.59134,33.42697624302283
331,86.611338,33.30363436132891
332,86.63133599999999,33.26463332913819
333,86.651334,33.46866414664964
334,86.67133199999999,33.38818601851717
335,86.69133000000001,33.39746016772822
336,86.71132800000001,33.58653995102798
337,86.731326,33.57250700321441
338,86.75132400000001,33.43445356119898
339,86.771322,33.51868917040454
340,86.79132000000001,33.457567844630375
341,86.811318,33.43870914413896
342,86.831316,33.54114934335425
343,86.851314,33.621132475935305
344,86.871312,33.32961585684888
345,86.89131,33.42468347244265
346,86.911308,33.51013938498828
347,86.93130599999999,33.64012129201862
348,86.95130400000001,33.6582223345763
349,86.971302,33.611298631616556
350,86.99130000000001,33.60084930610928
351,87.011298,33.6932663057272
352,87.031296,33.729060312188594
353,87.05129400000001,33.581740287313416
354,87.071292,33.57096673468826
355,87.09129000000001,33.794328716498526
356,87.111288,33.790268337438185
357,87.131286,33.69043148024241
358,87.151284,33.62962886753512
359,87.171282,33.59651523325047
360,87.19127999999999,33.63031137640384
361,87.21127800000001,33.64849850225822
362,87.231276,33.68793487476552
363,87.25127400000001,33.56403046970666
364,87.271272,33.68544845952565
365,87.29127,33.65175154264143
366,87.311268,33.669179304194415
367,87.331266,33.51100544996025
368,87.351264,33.57859462833248
369,87.371262,33.512822834790605
370,87.39125999999999,33.58497424406039
371,87.411258,33.43625281823014
372,87.431256,33.37799576686036
373,87.451254,33.26447107625256
374,87.471252,33.25970206171147
375,87.49125,33.214667260735794
376,87.51124800000001,33.181595153708905
377,87.531246,33.1782026833471
378,87.55124400000001,33.12780925053221
379,87.571242,33.002123658249864
380,87.59124,33.4156094900338
381,87.611238,33.50070650646613
382,87.631236,33.688993770212065
383,87.651234,33.622444481770714
384,87.671232,33.47509957620679
385,87.69122999999999,33.52710706082654
386,87.711228,33.483294411764554
387,87.73122599999999,33.525699285326866
388,87.75122400000001,33.451850755255215
389,87.77122200000001,33.48681629550709
390,87.79122,33.51789984638305
391,87.81121800000001,33.63179878452665
392,87.831216,33.6179382110471
393,87.85121400000001,33.440907506249324
394,87.871212,33.412293531314404
395,87.89121,33.48640637222478
396,87.911208,33.38841215845117
397,87.931206,33.30032601035434
398,87.951204,33.363279458523905
399,87.971202,33.383149892410685
400,87.99119999999999,33.49886312859263
401,88.01119800000001,33.38293139378511
402,88.031196,33.46632736112613
403,88.05119400000001,33.58250154608444
404,88.071192,33.32425724506077
405,88.09119,33.34001175335925
406,88.111188,33.42887255891444
407,88.131186,33.41788171207455
408,88.15118400000001,33.35502138186789
409,88.171182,33.40401414543501
410,88.19118,33.58096423768211
411,88.211178,33.26823433624447
412,88.231176,33.42199327838661
413,88.251174,33.46619414445238
414,88.271172,33.44083834464147
415,88.29117,33.38150610189436
416,88.31116800000001,33.41234145916131
417,88.331166,33.45932916335082
418,88.35116400000001,33.29915782612706
419,88.371162,33.4652022637161
420,88.39116,33.54467147365581
421,88.411158,33.44164276822562
422,88.431156,33.69596057427679
423,88.45115399999999,33.7253807435158
424,88.471152,33.534274111003434
425,88.49115,33.6156183187129
426,88.511148,33.56394631544243
427,88.531146,33.5521648593554
428,88.551144,33.58560016342838
429,88.57114200000001,33.60408041063678
430,88.59114,33.62659140555317
431,88.61113800000001,33.49161369643758
432,88.631136,33.55610260810687
433,88.651134,33.512636072898985
434,88.671132,33.51234114291428
435,88.69113,33.37510394304329
436,88.711128,33.38043656796663
437,88.731126,33.68872463515634
438,88.75112399999999,33.63248355436808
439,88.771122,33.672234712947045
440,88.79111999999999,33.722827510096046
441,88.81111800000001,33.66406467665136
442,88.83111600000001,33.56484651973608
443,88.851114,33.67466616481895
444,88.87111200000001,33.67136338803914
445,88.89111,33.57932322535172
446,88.91110800000001,33.72124625645182
447,88.931106,33.74464772563819
448,88.951104,33.82703101341281
449,88.971102,33.628937196832744
450,88.9911,33.6938401823371
451,89.011098,33.717044159320956
452,89.031096,33.632257813063646
453,89.05109399999999,33.80227686197505
454,89.07109200000001,33.77914747984708
455,89.09109,33.943192568166666
456,89.11108800000001,33.80181536104197
457,89.131086,33.730542797361174
458,89.151084,33.64656228779606
459,89.171082,33.68286916170038
460,89.19108,33.73584366310821
461,89.21107800000001,33.75750808897202
462,89.231076,33.709233960756556
463,89.251074,33.61505875836269
464,89.271072,33.599979829653876
465,89.29107,33.824509430457105
466,89.311068,33.750206536945434
467,89.331066,33.64034799528192
468,89.351064,33.783192284171996
469,89.37106200000001,33.829474098807076
470,89.39106,33.72842277146029
471,89.41105800000001,33.723567295930266
472,89.431056,33.75186593227903
473,89.451054,33.685074190862174
474,89.471052,33.786616077318676
475,89.49105,33.64969895209526
476,89.51104799999999,33.63710184976431
477,89.531046,33.780699521721175
478,89.551044,33.5556334551477
479,89.571042,33.57858227016406
480,89.59104,33.54900159458191
481,89.611038,33.61158135159742
482,89.63103600000001,33.60433832582898
483,89.651034,33.71216411888157
484,89.67103200000001,33.56718477697111
485,89.69103,33.694608472137446
486,89.711028,33.750165502062
487,89.731026,33.71614395297324
488,89.751024,33.77313555636627
489,89.771022,33.833481679216284
490,89.79102,33.79200520293445
491,89.81101799999999,34.064146161646605
492,89.831016,33.950314576948585
493,89.85101399999999,33.867157405294684
494,89.87101200000001,33.774125261598115
495,89.89101,33.80208418536972
496,89.911008,33.85714840760963
497,89.93100600000001,33.8445837994789
498,89.951004,33.822314572981
499,89.97100200000001,33.78430686363623
500,89.991,33.712303376359834
501,90.010998,33.78076366608577
502,90.030996,33.716820183359395
503,90.050994,33.69957343289652
504,90.070992,33.6736533966888
505,90.09099,33.53444736067201
506,90.11098799999999,33.55423252333101
507,90.13098600000001,33.45405101505618
508,90.150984,33.60321681791596
509,90.17098200000001,33.70737800849193
510,90.19098,33.77243355443862
511,90.210978,33.74208958249403
512,90.230976,33.634177638862916
513,90.250974,33.68483464450225
514,90.27097200000001,33.63465475867226
515,90.29097,33.61180142270467
516,90.310968,33.70499913203406
517,90.330966,33.772537703223236
518,90.350964,33.807274174809905
519,90.370962,33.658416536311776
520,90.39096,33.70857833715791
521,90.410958,33.645905757638566
522,90.43095600000001,33.602073962764315
523,90.450954,33.680062627524904
524,90.47095200000001,33.62422312745305
525,90.49095,33.65260778833233
526,90.510948,33.67923262437483
527,90.530946,33.74419900815291
528,90.550944,33.74498398854564
529,90.570942,33.91348777468739
530,90.59094,33.8351541783924
531,90.61093799999999,33.867211466974474
532,90.630936,33.903204301091336
533,90.650934,33.87929573562384
534,90.67093200000001,33.82814981587565
535,90.69093000000001,33.68881674697554
536,90.710928,33.786256755590756
537,90.73092600000001,33.71907558257909
538,90.750924,33.52089072830416
539,90.77092200000001,33.391311704089276
540,90.79092,33.481169472335864
541,90.810918,33.68581314881873
542,90.830916,33.74953843787687
543,90.850914,33.73383154862943
544,90.87091199999999,33.60918520722756
545,90.89091,33.58512465207542
546,90.91090799999999,33.999787901133324
547,90.93090600000001,33.826443733303
548,90.950904,33.918498739369106
549,90.970902,33.885946355410915
550,90.99090000000001,33.754414796439896
551,91.010898,33.647941463573254
552,91.03089600000001,33.84390747553583
553,91.050894,33.98834032285932
554,91.070892,33.95844773717233
555,91.09089,33.96934153891912
556,91.110888,33.94681748234828
557,91.130886,33.91140965510911
558,91.150884,33.838017379266056
559,91.17088199999999,33.851949987973406
560,91.19088,33.921477195097644
561,91.210878,34.022852799387536
562,91.23087600000001,34.10756032065109
563,91.250874,34.07344676488048
564,91.270872,34.02469315346679
565,91.29087,33.950778589445164
566,91.310868,33.88543087191262
567,91.33086600000001,33.776784662477155
568,91.350864,33.831244876994674
569,91.370862,33.94127641396861
570,91.39086,33.970813843010156
571,91.410858,33.800781190970746
572,91.430856,33.733197176794405
573,91.450854,33.86983365213593
574,91.470852,33.93771365261213
575,91.49085000000001,33.723103334222166
576,91.510848,33.781349442253536
577,91.53084600000001,33.62802700934021
578,91.550844,33.72023383304674
579,91.570842,33.58930597970505
580,91.59084,33.70723385023963
581,91.610838,33.73945723634706
582,91.630836,33.66040010898154
583,91.650834,33.79509079626147
584,91.67083199999999,33.680571968170256
585,91.69083,33.848542505879095
586,91.710828,33.896690505078425
587,91.73082600000001,33.62471790744398
588,91.75082400000001,33.7771528510087
589,91.770822,33.86714743841121
590,91.79082000000001,33.6628917640126
591,91.810818,33.72753457191453
592,91.83081600000001,33.76216622519752
593,91.850814,33.6602556513283
594,91.870812,33.739985490471646
595,91.89081,33.762945976085696
596,91.910808,33.85599729182915
597,91.93080599999999,33.935103833023376
598,91.950804,33.68443325265052
599,91.97080199999999,33.87955130156815
600,91.99080000000001,33.87586135908989
601,92.010798,33.909779557864134
602,92.030796,33.80819541205812
603,92.05079400000001,33.965492772338756
604,92.070792,33.98199145642846
605,92.09079000000001,33.89968302961333
606,92.110788,33.95206582234564
607,92.130786,33.88019624346504
608,92.150784,33.84770937506648
609,92.170782,33.82839986387817
610,92.19078,33.64002513015464
611,92.210778,33.723557169690984
612,92.23077599999999,33.72790560005725
613,92.250774,33.77241803303063
614,92.270772,33.78439929563426
615,92.29077000000001,33.9099407534642
616,92.310768,33.80678017801489
617,92.330766,33.830963603807554
618,92.350764,33.922003292821074
619,92.370762,33.910635574724914
620,92.39076,33.906388647941874
621,92.410758,34.06149150342929
622,92.430756,33.838543580366995
623,92.450754,33.95419751258134
624,92.470752,33.970541187234105
625,92.49075,34.01336780488216
626,92.510748,34.011024563017244
627,92.530746,34.07468753266937
628,92.55074400000001,34.032247321788226
629,92.570742,33.954560955331026
630,92.59074000000001,33.7196055188397
631,92.610738,33.83170484549804
632,92.630736,33.95677372509582
633,92.650734,33.89420717767596
634,92.670732,33.753745690557636
635,92.69073,34.14948522532463
636,92.710728,34.04994008817344
637,92.73072599999999,34.02054669749992
638,92.750724,33.806123215401264
639,92.770722,33.81928062798015
640,92.79072000000001,33.7738122578225
641,92.81071800000001,33.885126336914
642,92.830716,33.78772545909103
643,92.85071400000001,33.860398355605966
644,92.870712,33.870456436803885
645,92.89071000000001,33.91854526449101
646,92.910708,33.7073321356592
647,92.930706,33.73309378964168
648,92.950704,33.64659512091159
649,92.970702,33.63978408305497
650,92.9907,33.69671042418973
651,93.010698,33.94691038997562
652,93.03069599999999,33.96188789316654
653,93.05069400000001,33.842394920084416
654,93.070692,33.858976512191475
655,93.09069000000001,33.80871472838871
656,93.11068800000001,33.63326095044209
657,93.130686,33.768395681221676
658,93.15068400000001,33.71737670289743
659,93.170682,33.8136916973284
660,93.19068000000001,33.84480355060578
661,93.210678,33.774206446537285
662,93.230676,33.63722356589924
663,93.250674,33.72356077398632
664,93.270672,33.844377233418385
665,93.29066999999999,33.73307257719448
666,93.310668,33.68231885633353
667,93.330666,33.64190075534192
668,93.35066400000001,33.551138150053845
669,93.370662,33.70808810938035
670,93.39066,33.69302491118015
671,93.410658,33.624243017634946
672,93.430656,33.7127970569063
673,93.450654,33.61412741192968
674,93.470652,33.64117491192688
675,93.49065,33.86119973619529
676,93.510648,33.74281493587955
677,93.530646,33.677633172411205
678,93.550644,33.662102988087824
679,93.570642,33.621531383707065
680,93.59064,33.589194556253204
681,93.61063800000001,33.68418389102929
682,93.630636,33.71552238085375
683,93.65063400000001,33.63361094725429
684,93.670632,33.65764311900655
685,93.69063,33.687410516091404
686,93.710628,33.7792043580176
687,93.730626,33.80600600674645
688,93.750624,33.80348067847646
689,93.770622,33.7368787969141
690,93.79061999999999,33.825995345255414
691,93.810618,34.00228147321268
692,93.830616,33.9642260008704
693,93.85061400000001,33.81780766888192
694,93.87061200000001,33.70602420903349
695,93.89061,33.87933960187507
696,93.91060800000001,33.74930634597505
697,93.930606,33.82597431040084
698,93.95060400000001,33.77575321310431
699,93.970602,33.687907752408975
700,93.9906,33.57520112655426
701,94.010598,33.61313021233441
702,94.030596,33.74733254572337
703,94.050594,33.784845266926425
704,94.070592,33.70294517596855
705,94.09058999999999,33.70713138568281
706,94.110588,33.817919834204716
707,94.130586,33.8024341254941
708,94.15058400000001,33.91680094800733
709,94.170582,33.71435380719414
710,94.19058,33.75896916734742
711,94.21057800000001,33.68132282000625
712,94.230576,33.70636320773879
713,94.25057400000001,33.65811796042787
714,94.270572,33.73301579688546
715,94.29057,33.489432681165496
716,94.310568,33.504451191698394
717,94.330566,33.525633628766926
718,94.35056399999999,33.60358986781469
719,94.370562,33.612980652597884
720,94.39056,33.64828650826107
721,94.41055800000001,33.52222104475243
722,94.430556,33.59004414393331
723,94.450554,33.60792152694435
724,94.470552,33.627548671903064
725,94.49055,33.51294203868658
726,94.510548,33.47710773399819
727,94.530546,33.665551326546634
728,94.550544,33.60850329103051
729,94.570542,33.56810168458683
730,94.59054,33.66436540141215
731,94.610538,33.67833464474252
732,94.630536,33.757129679719746
733,94.650534,33.757530985335116
734,94.67053200000001,33.66170438734868
735,94.69053,33.49786038632621
736,94.71052800000001,33.6247271712559
737,94.730526,33.622721179146744
738,94.750524,33.67754620980642
739,94.770522,33.75728341026457
740,94.79052,33.62210133820758
741,94.810518,33.82584832036325
742,94.830516,33.77661327196723
743,94.85051399999999,33.85460133501954
744,94.870512,33.932198402163685
745,94.89050999999999,33.856664111544724
746,94.91050800000001,33.81359553748811
747,94.93050600000001,33.827255431021456
748,94.950504,33.740432262948566
749,94.97050200000001,33.72215067227516
750,94.9905,33.804108114444624
751,95.01049800000001,33.75958780106396
752,95.030496,33.88511868678401
753,95.050494,33.97330885917524
754,95.070492,33.98646154745678
755,95.09049,33.96909060829286
756,95.110488,33.83673089975521
757,95.130486,33.70693344774338
758,95.15048399999999,33.8524911251703
759,95.170482,33.914652141985734
760,95.19048,33.901970323642715
761,95.21047800000001,34.06346305485577
762,95.230476,33.72189308909068
763,95.250474,33.78469249411765
764,95.27047200000001,33.74288835060013
765,95.29047,33.79458482720535
766,95.31046800000001,33.73594882585936
767,95.330466,33.742718280913145
768,95.350464,33.72938194301042
769,95.370462,33.74705568182864
770,95.39046,33.86234735636138
771,95.410458,33.69978811723778
772,95.430456,33.8500019851989
773,95.450454,33.806000536059415
774,95.47045200000001,33.509739734227814
775,95.49045,33.44034056958856
776,95.51044800000001,33.6148114412836
777,95.530446,33.51429510999776
778,95.550444,33.72913927512432
779,95.570442,33.73547419182324
780,95.59044,33.74350339667285
781,95.61043800000002,33.59380992771272
782,95.630436,33.690976183380265
783,95.650434,33.64106963987072
784,95.670432,33.7412029231059
785,95.69043,33.765967833480566
786,95.710428,33.8561294638341
787,95.73042600000001,33.84907480973701
788,95.750424,33.724145316957895
789,95.77042200000001,33.79632981619676
790,95.79042,33.58467245308665
791,95.810418,33.65851244799294
792,95.830416,33.69694696629801
793,95.850414,33.53746578649478
794,95.870412,33.53081895556585
795,95.89041,33.68498847313731
796,95.91040799999999,33.74139232946346
797,95.930406,33.733077127332535
798,95.95040399999999,33.721310086342406
799,95.970402,33.60410081601969
800,95.99040000000001,33.71440778094347
801,96.010398,33.735871703910284
802,96.03039600000001,33.734631367636865
803,96.050394,33.811862365124966
804,96.07039200000001,33.646797719335844
805,96.09039,33.7034373100209
806,96.110388,33.76006125143715
807,96.130386,33.85919994544784
808,96.150384,33.76084860942614
809,96.170382,33.7245436588543
810,96.19038,33.70916560230136
811,96.21037799999999,33.7750957799561
812,96.230376,33.811778859809735
813,96.250374,33.80965859472612
814,96.27037200000001,33.64874164032531
815,96.29037,33.517741454150965
816,96.310368,33.8352347218736
817,96.33036600000001,33.714091343932715
818,96.350364,33.623869351568615
819,96.37036200000001,33.57445487250443
820,96.39036,33.6275955408977
821,96.410358,33.55747345424171
822,96.430356,33.67857698968739
823,96.450354,33.725290926723794
824,96.470352,33.71492204950993
825,96.49035,33.62629141639356
826,96.510348,33.52512794177529
827,96.53034600000001,33.66549799123465
828,96.550344,33.71221723168905
829,96.57034200000001,33.578055278805905
830,96.59034,33.72338709002781
831,96.610338,33.891228317986084
832,96.630336,33.782742803764755
833,96.650334,33.57652113323291
834,96.670332,33.6109331826498
835,96.69033,33.68296083937648
836,96.710328,33.62238990822008
837,96.730326,33.69446571673366
838,96.750324,33.57179290746467
839,96.770322,33.675384204587445
840,96.79032000000001,33.630898758333096
841,96.810318,33.425662320527024
842,96.83031600000001,33.67600345167077
843,96.850314,33.578025533483846
844,96.870312,33.48576081609826
845,96.89031,33.49344116384661
846,96.910308,33.62100739411841
847,96.930306,33.599703049322706
848,96.950304,33.68664014226972
849,96.97030199999999,33.63246422938863
850,96.9903,33.53517805675042
851,97.01029799999999,33.539507267819666
852,97.030296,33.701110960433766
853,97.05029400000001,33.558246027175784
854,97.070292,33.46007020733972
855,97.09029000000001,33.510906302147504
856,97.110288,33.572672569603824
857,97.13028600000001,33.54313153275976
858,97.150284,33.5576677081023
859,97.170282,33.53163978334266
860,97.19028,33.648070811856165
861,97.210278,33.543338551743915
862,97.230276,33.66593120493523
863,97.250274,33.80758485667628
864,97.27027199999999,33.730980016269996
865,97.29027,33.882807837739186
866,97.310268,33.685686431402736
867,97.33026600000001,33.7206309254059
868,97.350264,33.754413818780236
869,97.370262,33.64083091395575
870,97.39026,33.68242125633128
871,97.410258,33.69295661896978
872,97.43025600000001,33.5903195817992
873,97.450254,33.40524569667778
874,97.470252,33.63350391249434
875,97.49025,33.68314136637145
876,97.510248,33.63160968891311
877,97.530246,33.4941008970951
878,97.550244,33.54318056046813
879,97.570242,33.713291695281455
880,97.59024000000001,33.650802582541054
881,97.610238,33.62005423255184
882,97.63023600000001,33.63873228521488
883,97.650234,33.62538670749292
884,97.670232,33.70613088801943
885,97.69023,33.64993647152315
886,97.710228,33.657555374294255
887,97.730226,33.67634085932476
888,97.750224,33.61684038223921
889,97.770222,33.57513817962221
890,97.79022,33.63196238945706
891,97.810218,33.580572953830035
892,97.83021600000001,33.4748232939643
893,97.85021400000001,33.54613266956462
894,97.870212,33.530279087089475
895,97.89021000000001,33.47145529504316
896,97.910208,33.530931291821105
897,97.93020600000001,33.581816783232604
898,97.950204,33.54249558453952
899,97.970202,33.692805468547924
900,97.9902,33.743672992533945
901,98.010198,33.814594816068436
902,98.03019599999999,33.81814077135583
903,98.050194,33.72757925587784
904,98.07019199999999,33.81083000775115
905,98.09019,33.73412199230776
906,98.11018800000001,33.78978084389411
907,98.130186,33.694982940002234
908,98.15018400000001,33.542174457701066
909,98.170182,33.45786343451091
910,98.19018000000001,33.648950782162444
911,98.210178,33.71733812230117
912,98.230176,33.54920818925806
913,98.250174,33.601052298733414
914,98.270172,33.548031923537934
915,98.29017,33.58220447293153
916,98.310168,33.61606744999574
917,98.33016599999999,33.66277253531473
918,98.350164,33.60459137211146
919,98.370162,33.727382950059116
920,98.39016000000001,33.687894450239604
921,98.410158,33.769422231591385
922,98.430156,33.69168871547215
923,98.450154,33.89561931753909
924,98.470152,33.810399596489106
925,98.49015000000001,33.71579147761286
926,98.510148,33.95785537768538
927,98.530146,33.84974943067629
928,98.550144,33.81310381833962
929,98.570142,33.81647646261896
930,98.59014,33.730153692221016
931,98.610138,33.835212049984285
932,98.630136,34.00691192105479
933,98.65013400000001,33.667186145227966
934,98.670132,33.66913215982039
935,98.69013000000001,33.63681299340639
936,98.710128,33.87082466915856
937,98.730126,33.8096097053161
938,98.750124,33.75901388179884
939,98.770122,33.83836517948889
940,98.79012,33.8495107290225
941,98.810118,33.88218118504135
942,98.830116,33.94951585295584
943,98.850114,33.89690699504138
944,98.870112,33.946437887440794
945,98.89011,33.902140272493014
946,98.91010800000001,33.98737657462996
947,98.930106,33.888343119480716
948,98.95010400000001,33.937401817243156
949,98.970102,33.66236846182873
950,98.99010000000001,33.63802390820728
951,99.010098,33.78179297225997
952,99.030096,33.72690130104199
953,99.050094,33.71059403362293
954,99.070092,33.73709939275821
955,99.09009,33.77826517815652
956,99.110088,33.78494060832119
957,99.13008599999999,33.57253967349944
958,99.150084,33.57021716868978
959,99.170082,33.73448179360991
960,99.19008,33.82477969389289
961,99.21007800000001,33.79043455848186
962,99.230076,33.68744518143374
963,99.25007400000001,33.756831686067
964,99.270072,33.507251407899524
965,99.29007,33.67017144676288
966,99.310068,33.723905541945506
967,99.330066,33.40953761423123
968,99.350064,33.45698155379952
969,99.370062,33.55888311713982
970,99.39005999999999,33.66951877086561
971,99.410058,33.615788437125495
972,99.430056,33.77289495252386
973,99.45005400000001,33.730027750775314
974,99.470052,33.61718712780309
975,99.49005,33.62389756158984
976,99.510048,33.67594599856197
977,99.530046,33.61130838048151
978,99.55004400000001,33.722155169500375
979,99.570042,33.918027397910315
980,99.59004,33.903841179164644
981,99.610038,33.6154573803147
982,99.630036,33.67105812008949
983,99.650034,33.786087937428725
984,99.670032,33.80669264087085
985,99.69003,33.94603345511778
986,99.71002800000001,33.7744167317782
987,99.730026,33.515776147496666
988,99.75002400000001,33.7221409324196
989,99.770022,33.729957090087474
990,99.79002,33.75038257800756
991,99.810018,33.85517453255513
992,99.830016,33.90707693263904
993,99.850014,33.87990481955394
994,99.870012,33.942605508912365
995,99.89001,33.86319040906821
996,99.910008,33.76540706676627
997,99.930006,33.74591291210961
998,99.950004,33.729876346856116
999,99.97000200000001,33.81869127439878
1000,99.99,33.97057637505702
1001,100.00000800000001,33.87997982386545
